INSTR_ID,INSTR_NAME
1,Mary Ann Murphy
2,Barry Griner
3,Kimberley Briesch Sumner
4,Olivia Martinez
5,Nina Kang
6,Richard Jones
7,Tracy Levin
8,Anastassia Tzoytzoyrakos
9,Eric Roth
10,Reka Clausen
11,Lucienne Aarsen
12,James Polk
13,Juan De Lara
14,Arabella Delgado
15,Kathy Pulupa
16,Christopher Chien
17,Alicia Chavez
18,Nicole Richards
19,Viet Nguyen
20,Ann Tran
21,Dillon S.
22,Jason Vu
23,Karlynne Aila Ejercito
24,Chris Finley
25,Joshua Mitchell
26,Rocio Leon
27,Rick Berg
28,Chrisshonna Nieva
29,Oneka LaBennett
30,Jackie Wang
31,Aurelien Davennes
32,Megan Awwad
33,Jaden Morales
34,Kara Keeling
35,Sabina Hills-Villalobos
36,Rojeen Harsini
37,Neuds Saint-Cyr
38,Thomas Gustafson
39,David Roman
40,Xochitl Ruiz
41,Evelyn Alsultany
42,Zaina Ujayli
43,Edwin Hill
44,Shawn McDaniel
45,Stanley Huey
46,George Sanchez
47,Thai Le
48,Nayan Shah
49,Alisa Sanchez
50,Morris Levy
51,Lanita Jacobs
52,Adrian De Leon
53,John Rowe
54,Emily Zeamer
55,Leland Saito
56,Sarah M.A. Gualtieri
57,Maureen McCarthy
58,Shannon Cross
59,Alexis Camacho
60,Tracie Mayfield
61,Tok Thompson
62,Sandy Wenger
63,El Whittingham
64,Jennifer Cool
65,Eric Heller
66,Charles Russell-Schlesinger
67,Erin Moore
68,Craig Stanford
69,Lynn Dodd
70,Bernadeth Tolentino
71,Kristiana Willsey
72,Thomas Ward
73,Michael Messner
74,Ciruce Movahedi-Lankarani
75,Fiori Berhane
76,Jenny Chio
77,Peter Redfield
78,Nancy Lutkehaus
79,Eliz Sanasarian
80,Andrea Ballestero
81,Dorinne Kondo
82,Hanna Reed
83,John Pollini
84,Leah Hochman
85,Brady Ryan
86,Suzanne Wali
87,Monica Bravo
88,Wenxian Zhang
89,Elissa Watters
90,Samantha Burton
91,Courtney Carter
92,Kathryn Griffith
93,Yoonah Hwang
94,Joomi Lee
95,Anna Flinchbaugh
96,Daniela Bleichmar
97,Audrey Storm
98,Hector Reyes
99,Olivia Armandroff
100,Siyu Shen
101,Mark Grimes
102,Suzanne Hudson
103,Lisa Pon
104,Susanna Berger
105,Kate Flint
106,Kris Pardo
107,Edward Rhodes
108,Joseph Vandiver
109,Vahe Peroomian
110,Elena Pierpaoli
111,Dale Kiefer
112,Jake Park
113,Trond Sigurdsen
114,Aeriel Vanluesauls
115,Anik Mitra
116,Christa Bancroft
117,Matthew Michael
118,Nadejda Butova
119,Oanh Huynh
120,Grayson Jaggers
121,Austin Youssef
122,Niousha Aramimehr
123,Raffaella Ghittoni
124,Jiawei Huang
125,Amirhossein Rahimdel
126,Sanjana Rajeev
127,Nancy Castro
128,Dai Zhai
129,Daniel Kohanghadosh
130,Albert Herrera
131,David McKemy
132,Alan Watts
133,Rita Barakat
134,Karam Korya
135,Mingrui Chen
136,Jacob Gurstein
137,Zhiyuan Zhao
138,Stephanie Lopez Alvarado
139,Farhan Hossain
140,Crystal Barekzai
141,Bruce Teter
142,Yilin Gao
143,Po-Hsuan Huang
144,Bradley MacKett
145,Elenita Melikterminas
146,Yutong Chen
147,Samson King
148,Phillip Maire
149,Ali Alhomaidi
150,Bruce Herring
151,Jelani Williams
152,Zachary Henning
153,Anna Pushkin
154,Shirin Birjandi
155,Daria Di Blasi
156,Andrew Do
157,Vageh Oskoeezadeh
158,Dandan Peng
159,Doc Edge
160,Julia Schwartzman
161,Makayla Morton
162,Shihui Chen
163,Tim Kang
164,Jill Sohm
165,James Dines
166,Charles Toney
167,Rory Spence
168,Yousif Abu Al Soof
169,Nancy Tran
170,Ariel Cohen
171,Daniel Hicks
172,Samuel Hires
173,Peter Kuhn
174,Sarah Feakins
175,John Tower
176,Michael Quick
177,Larry Swanson
178,Sergio Sanudo-Wilhelmy
179,Fabien Pinaud
180,Kyu Min Kim
181,Tara Mastro
182,John Heidelberg
183,Alexis Floback
184,Cornelius Gati
185,Lin Chen
186,Karla Heidelberg
187,Justin Gaffney
188,Geoffrey Fudenberg
189,MeiLu McDermott
190,Alberto Robador Ausejo
191,Kenneth Nealson
192,Andrew Gracey
193,Maddelyn Harden
194,Charles Lehnen
195,Matt Dean
196,Carolyn Phillips
197,Naomi Levine
198,Xianrui Cheng
199,Derrick Morton
200,Susan L Forsburg
201,Michael Campbell
202,Jed Fuhrman
203,Ian Ehrenreich
204,Peter Qin
205,Andrey Vilesov
206,Thomas Bertolini
207,Catherine Skibo
208,Jessica Parr
209,Rebecca Broyer
210,Kyung Jung
211,Michael Inkpen
212,Jennifer Moore
213,Alexander Benderskii
214,Surya Prakash
215,Vadim Cherezov
216,Kate White
217,Megan Fieser
218,Richard Brutchey
219,Eric McClure
220,Curt Wittig
221,Travis Williams
222,Matthew Pratt
223,Chao Zhang
224,Oleg Prezhdo
225,Daniel Lidar
226,Charles Mc Kenna
227,Smaranda Marinescu
228,Richard Roberts
229,Susumu Takahashi
230,Sri Narayan
231,Maya Maskarinec
232,Maxwell Shiller
233,Mariechristine Garcia
234,Lucas Herchenroeder
235,Faith McFadden
236,Angela Hurley
237,Daniel Richter
238,Alexis Whalen-Muse
239,Robert Drummond
240,Madeline Thayer
241,Ann Marie Yasin
242,Roberto Diaz
243,Mahmoud Hosny Roshdy
244,Nisarg Patel
245,Jason Webb
246,Lisa Kochinski
247,Corentin Colin
248,Emily Warren
249,Neetu Khanna
250,Mia Du Plessis
251,Richard Mc Laughlin
252,Margaret Rosenthal
253,Daisy Reid
254,Aniko Imre
255,Devin Griffiths
256,Julian Gutierrez-Albilla
257,Akira Mizuta Lippit
258,Anthony Kemp
259,Erin Graff Zivin
260,David Treuer
261,Veli N. Yashin
262,Vanessa Schwartz
263,Rose Bishop
264,Peter Westwick
265,Victoria Petryshyn
266,Dani Byrd
267,Haley Hsu
268,Wendy Crumrine
269,Natania Meeker
270,David Albertson
271,Paul Lerner
272,Sharon Lloyd
273,Olivia C Harrison
274,Aidan Diamond
275,Joliange Wright
276,Amy Cannon
277,Rachel Newman
278,Shaibal Dev Roy
279,Sarah Nolan
280,Krishna Narayanamurti
281,Katie Googe
282,Trisha Tucker
283,Jennifer Heine
284,Michael Petitti
285,Lindsey Skillen
286,Teddy Lance
287,Karin Huebner
288,Ronald Mendoza-De Jesus
289,Lydie Moudileno
290,Frank Luntz
291,Andrew Peek
292,Naoko Aoki
293,Tin-Yu Tseng
294,Hsiao-Yun Liao
295,Yi-Hsien Liu
296,Yu-Chi Kuo
297,Xiang Jian
298,Eunju Na
299,Bo hyun Kim
300,Maki Irie
301,Mamiko Konno
302,Yuka Kumagai
303,Masako Tamanaha
304,Christopher Magriney
305,Woojoo Kim
306,Yumi Matsumoto
307,Sunyoung Park
308,David Bialock
309,Di Wang
310,Tiara Wilson
311,Jaewuk Kim
312,Brian Bernards
313,Seoyeon Lee
314,Miya Elise Desjardins
315,Shanshan Li
316,Mengdie Zhao
317,Mengxiao Wang
318,Namkil Kim
319,Kerim Yasar
320,John Alexander
321,Christopher Hepburn
322,Youngmin Choe
323,Sonya Lee
324,Joshua Goldstein
325,Li-Ping Chen
326,Asha Rieussec
327,Hanna Ramirez
328,Joseph Collins
329,Yuanjing Xu
330,Lodovico Pizzati
331,Brijesh Pinto
332,Jaime Meza
333,Ergin Bayrak
334,Daniel Bennett
335,Yilmaz Kocer
336,Ladan Masoudie
337,Robert Dekle
338,Mark Moore
339,Manochehr Rashidian
340,Ratika Narag
341,John Strauss
342,Odilon Camara
343,Alejandro Martinez marquina
344,Matthew Hill
345,Erin Kaplan
346,Mohammad Safarzadeh
347,Fatemeh Nazarian
348,Neha Bairoliya
349,Baizhu Chen
350,Giorgio Coricelli
351,Maria Prados
352,Ed Mc Caffery
353,Joshua Aizenman
354,Caroline Betts
355,Steven Sapra
356,Simon Quach
357,Jeffrey Dubin
358,Paulina Oliva
359,Young Miller
360,Afshin Nikzad
361,Robert Metcalfe
362,Marco Angrisani
363,John Eatwell
364,Terrie Walmsley
365,Hyungsik Roger Moon
366,Guofu Tan
367,Matthew Kahn
368,Michael Magill
369,David Zeke
370,Vittorio Bassi
371,Dong Woo Hahm
372,Nicolas Lambert
373,Geert Ridder
374,Augustin Bergeron
375,Thomas Chaney
376,Hashem Pesaran
377,Kerry Ingram
378,Charlie Napolitano
379,Catherine Pond
380,Tisha Reichle-Aguilera
381,Carrie Guss
382,Adam Gill
383,Allison Silverberg
384,Jingyuan Fu
385,Jayson Lantz
386,Jessica Somers
387,Thea Tomaini
388,Michael Benitez
389,Noraeden Mora Mendez
390,David Rollo
391,Beatrice Sanford Russell
392,Christopher Freeman
393,Steven Minas
394,Jacob Goldman
395,Matt Kessler
396,Christopher Adamson
397,Austen Rose
398,Elizabeth Johnson
399,M G Lord
400,Sara Sligar
401,Brighde Mullins
402,David Ulin
403,Ellen Wayland-Smith
404,Molly Bendall
405,Ashley Cohen
406,Andrew Chater
407,Rebecca Lemon
408,Susan Mccabe
409,Anna Journey
410,Enrique Martinez
411,Mark Irwin
412,Geoff Dyer
413,Jonathan Leal
414,Margaret Nelson
415,Hiram Sims
416,Susan Segal
417,Hilary Schor
418,Heather James
419,Ajay Batra
420,Melissa Daniels-Rauterkus
421,William Handley
422,Elda Maria Roman
423,Sarah Kessler
424,Paula Cizmar
425,Danzy Senna
426,Alice Gambrell
427,Neelanjana Banerjee
428,Tania Modleski
429,Aimee Bender
430,Scott Applebaum
431,Victoria Campbell-Arvai
432,Monalisa Chatterjee
433,Josh West
434,David Ginsburg
435,Rodrigo Sanchez
436,Shannon Gibson
437,James Fawcett
438,Darry Sragow
439,Arthur Auerbach
440,Sean Fraga
441,Gifford Wong
442,Justin Ehresmann
443,Robert English
444,Julia Chamberlin
445,Rania Ben Amor
446,Selene Canter
447,Jennifer Misran
448,Guilan Siassi
449,Melek Chekili
450,Atiyeh Showrai
451,Jesus Garcia
452,Nathalie Burle
453,Katherine Hammitt
454,Julie Van Dam
455,
456,Jennifer Wild
457,Beatrice Mousli
458,Perwana Nazif
459,Antonia Szabari
460,Panivong Norindr
461,Kenneth Phillips
462,Bob Girandola
463,Jonathan Kotler
464,Vanessa Osborne
465,Richard Fliegel
466,Rick Trevino
467,Heidi Houston
468,Siyuan Zhang
469,William Berelson
470,Matthew Quinan
471,James Beech
472,Cat Odendahl
473,Jessica Zaiss-Bowman
474,Rucha Wani
475,John Vidale
476,Binhao Wang
477,Zhengze Li
478,Frank Corsetti
479,Adit Ghosh
480,Charles Woolley
481,Kiersten Formoso
482,Emily Patellos
483,Amanda Godbold
484,Paul Byrne
485,Julien Emile-Geay
486,Paige Wise
487,Alex Dill
488,Jordan Landers
489,Sherry Nie
490,Kilian Ashley
491,Magdalene Smith
492,Shreya Ramesh
493,Shannon Brophy
494,Priyanka Soni
495,Dannielle Fougere
496,Emily H. G. Cooperdock
497,Naomi Rodgers
498,Abra Atwood
499,David Bottjer
500,Sam Silva
501,Sylvain Barbot
502,Seth John
503,Yehuda Ben-Zion
504,Eve Lee
505,Britta Bothe
506,John Arensmeyer
507,AE Stevenson
508,Hattie Schultz
509,Lucas Iberico Lozada
510,Alex Hack
511,Diana Blaine
512,Jordan Gonzales
513,Cord-Heinrich Plinke
514,Mildred Campbell Whiteley
515,Atia Sattar
516,Lauren White
517,Christina Belcher
518,Ada Li Sarain
519,Robin Romans
520,Sarah Banet-Weiser
521,Janani Subramanian
522,Mekiayla Singleton
523,Georgia Stahl
524,Karen Tongson
525,Deirdre Klokow
526,Afroditi Angelopoulou
527,Karin Amundsen
528,Lina Nie
529,Ketaki Pant
530,Jillaine Cook
531,Marjorie Becker
532,Deborah Harkness
533,Steve Ross
534,Daniel Wallace
535,Zagros Heivand
536,Alice Echols
537,Simon Judkins
538,Lisa Bitel
539,Jacob Soll
540,Lindsay O'Neill
541,Joan Piggott
542,Anne Goldgar
543,Celeste Menchaca
544,Francille Wilson
545,Lon Kurashige
546,Jay Rubenstein
547,Aro Velmet
548,Susan Kamei
549,Nathan Perl-Rosenthal
550,Laura Isabel Serna
551,Helen (Eleni) Soultanakis
552,Lisa Le
553,Gudrun Floyd
554,Helaine Lopes
555,Joshua Carlos
556,Kurt Kwast
557,Casey Donovan
558,Gioia Polidori
559,Lauren Visconti
560,Lindsey Schier
561,Scott Kanoski
562,Jill L McNitt-Gray
563,Wayne Sandholtz
564,Karen Romero
565,Kayeon Roh
566,Jonathan Markowitz
567,Gaea Morales
568,Yuji Idomoto
569,Joshua Leung
570,Megan Becker
571,Bijean Ghafouri
572,Jacques Hymans
573,Chloe Bernadaux
574,Benjamin A.T. Graham
575,Ewon Baik
576,Han-Hui Hsieh
577,Gregory Treverton
578,Douglas Becker
579,Nina Rathbun
580,Iva Bozovic
581,Victoria Chonn Ching
582,Derek Grossman
583,Fayez Hammad
584,Gerardo Munck
585,Pamela Starr
586,Jeffrey Fields
587,Brian Palmer-Rubin
588,Akeya Harmon
589,Peyman Nojoumian
590,Antonio Idini
591,Francesca Leardini
592,Elizabeth Chan
593,James Fortney
594,Francesca Ricciardelli
595,Gian-Maria Annovi
596,Jason Goldman
597,David Gonzalez
598,Alexia Orengo Green
599,Sarah Ernst
600,Spenser Carroll-Johnson
601,Claire Mieher
602,Matteo Barbiero
603,Joshua Allbright
604,Stefano Rebeggiani
605,Hajime Hoji
606,Andrew Simpson
607,Sandra Disner
608,Khalil Iskarous
609,Steven Foley
610,Louis Goldstein
611,Frank Manis
612,Barry Schein
613,Elsi Kaiser
614,Toby Mintz
615,Zuzanna Fuchs
616,Spencer Gerhardt
617,Danjoseph Quijada
618,Henry Tucker
619,Jared Warner
620,Felicia Tabing
621,Yang Qiu
622,Guillermo Reyes Souto
623,Nathaniel Emerson
624,Michael Hall
625,Zhaoyu Zhang
626,Guillaume Dreyer
627,Anne Dranowski
628,David Crombecque
629,Paul Tokorcheck
630,Ricardo Mancera
631,Masoud Zargar
632,Sheel Ganatra
633,Takahiro Sakai
634,Christopher Kuo
635,Ramtin Sheikhhassani
636,Pranava Jayanti
637,Nicolai Haydn
638,Richard Arratia
639,Steven Heilman
640,Jason Fulman
641,Joshua Swanson
642,Mark Rychnovsky
643,Sergey Lototsky
644,Igor Kukavica
645,Trevor Leslie
646,Joseph Helfer
647,Susan Friedlander
648,Cymra Haskell
649,Ken Alexander
650,Eric Friedlander
651,Juhi Jang
652,Chunming Wang
653,Cris Negron
654,Arthur Li
655,Farzana Choudhury
656,Sue Ingles
657,Michelle Nuno
658,Jin Ma
659,Sami Assaf
660,Kyler Siegel
661,Dmitrii Ostrovskii
662,Stanislav Minsker
663,Nabil Ziane
664,Yu Deng
665,Jianfeng Zhang
666,Fedor Malikov
667,Aravind Asok
668,Steve Posner
669,Kambiz Akhavan
670,Stephanie Eggert
671,James Bottom
672,Molly Lancaster
673,Karen Ruiz
674,Steven Lamy
675,Shushan Karapetian
676,Jenifer Crawford
677,Emmy Min
678,Onursal Erol
679,Ramzi Rouighi
680,Jason Zevin
681,Payam Piray
682,Bartlett Mel
683,Jeannie Chen
684,Doug Hammond
685,Sarah McGill
686,Jino De Castro
687,Kevin Robinson
688,Carl Collins
689,Arthur Chivichyan
690,George Toney
691,Steve Hsu
692,Ian Culbertson
693,Natalia Cascino
694,Sara Ivanhoe
695,Clio Manuelian
696,Martin Vitorino
697,Linda Yaron Weston
698,John Kneedler
699,Christian Straka
700,Salena Collins
701,Christina Koneazny
702,Eden Goldman
703,Isabelle Pilliere Mazumdar
704,Jennifer Guinter
705,Julia Sprague
706,Jeffrey Melnick
707,Timothy Burton
708,Laurence Mo
709,Irina Jestkova
710,Michael Munson
711,Marcos Briano
712,Andrew Stankiewicz
713,Lincoln Riley
714,Andy Enfield
715,Donnell Meekins
716,Brett Masi
717,Quincy Watts
718,Jeff Nygaard
719,Angela Munger-Rivera
720,Lindsay Gottlieb
721,Joshua Adam
722,Justin Silverstein
723,Jane Alukonis
724,Alison Swain
725,Brad Keller
726,Cole Mears
727,Lindsey Munday
728,Dain Blanton
729,Heather Bell
730,Megha Devraj
731,Jacob Ross
732,Laura Nicoara
733,Madiha Hamdi
734,Stephanie Van Fossen
735,Edwin McCann
736,Paul Garofalo
737,Irene Bosco
738,Douglas Wadle
739,Jonathan Quong
740,Nadja Winning
741,Levy Wang
742,Charlotte Figueroa
743,Andrew Bacon
744,Noah Gordon
745,Quyen Pham
746,Gabriel Uzquiano
747,Rebecca Carlson
748,Elisa Warford
749,Benjamin Andrew
750,Antonio Maria Cleani
751,Rachel Keith
752,Christa Peterson
753,Mathis Koschel
754,Andrew Stewart
755,Anthony Nguyen
756,Jeremy Goodman
757,Ralph Wedgwood
758,John Hawthorne
759,Yasha Sapir
760,Ayala Haddad
761,Collis Tahzib
762,John Dreher
763,Jeesoo Nam
764,Robin Jeshion
765,Mark Schroeder
766,James Van Cleve
767,Jeff Russell
768,Vitaly Kresin
769,Hamid Chabok
770,Gokhan Esirgen
771,Krzysztof Pilch
772,Stephan Haas
773,Scott Macdonald
774,Nicolas Moure
775,Christopher Gould
776,Lara Martini
777,Geraldine Peters
778,Aaron Wirthwein
779,Peter Chung
780,Marcin Abram
781,Robin Shakeshaft
782,Christoph Haselwandter
783,Peter Foster
784,Clifford Johnson
785,Rosa Di Felice
786,Aiichiro Nakano
787,Nicholas Warner
788,Itzhak Bars
789,Paolo Zanardi
790,Hubert Saleur
791,Danielle Ballard
792,Dennis Chong
793,Alison Dundes Renteln
794,Dan Schrage
795,Christian Phillips
796,Allison Hartnett
797,Brian Rathbun
798,David Kang
799,Sally Pratt
800,Ellen Oliveira
801,Anthony Kammas
802,Alya Khemakhem
803,Henry Aoki
804,Jose Alcocer
805,Jeb Barnes
806,Tolulope Babalola
807,Alessandra Pacheco
808,Kayla Wolf
809,Raquel Centeno
810,Franita Tolson
811,Steve Swerdlow
812,Chaerim Kim
813,Therese Franklin
814,Erik Hanson
815,Tine Paulsen
816,Jefferey Sellers
817,Olu Orange
818,George Newhouse
819,Robert Shrum
820,Stanley Rosen
821,Jinhee Choung
822,Karen Figueroa-Clewett
823,Patricia George
824,Leslie Berntsen
825,John Monterosso
826,Assal Habibi
827,Rand Wilcox
828,William Breland
829,David Walsh
830,Bryan Shilowich
831,Antoine Bechara
832,Morteza Dehghani
833,Vitaliya Droutman
834,Clayton Stephenson
835,Ernest Greene
836,Dave Lavond
837,Sourena Haj-Mohamadi
838,Canan Ipek
839,Henrike Moll
840,Miranda Barone
841,Stephen Read
842,Jasmine Tehrani
843,Bruna Martins-Klein
844,Jo Ann Farver
845,Sneha Mathur
846,David Schwartz
847,Leor Hackel
848,Laura Baker
849,Chardee Galan
850,Richard John
851,Meredith Lepley
852,Daphna Oyserman
853,Mona Farid Nejad
854,Lauren Young
855,Hok Chio (Mark) Lai
856,Michael Nguyen
857,Jason Buhle
858,Lexi Keaveney Breitz
859,Christopher Beam
860,Jonathan Gratch
861,Jonathan Tarbox
862,Megan Aclan
863,Catherine Neubauer
864,Jorge Barraza
865,Maura Harrington Roggero
866,Kathleen Marker
867,Steven Westberg
868,Francesca Romana Puggelli
869,Julie Lyon
870,Melissa Lopez
871,Khatera Sahibzada
872,Luke Thelen
873,Michael Cameron
874,Freddi Segal-Gidan
875,Jenna Rubenstein
876,Hannah Brunet
877,Kelly Durbin
878,Santiago Morales
879,Brittany Beasley
880,Norbert Schwarz
881,Bridgid Conn
882,Darby Saxbe
883,Iony Ezawa
884,Lauren Shapiro
885,Latonya Huey
886,Remo Rohs
887,Vsevolod Katritch
888,Ho Ming Lam
889,Peter Calabrese
890,Wenxuan Zuo
891,Yingfei Wang
892,Liang Chen
893,Tianqi Tang
894,Dallace Francis
895,Mark Chaisson
896,Jingwen Ren
897,Adam MacLean
898,Stacey Finley
899,Matthew Pennell
900,Jessica (Xiaomin) Zu
901,Naseeha Hussain
902,Varun Soni
903,Meghan Tiller
904,Sarah Matthews
905,Victoria Perez
906,Arjun Nair
907,Diane Winston
908,Anthony Swieringa
909,Sheila Briggs
910,Paul Lichterman
911,James Mchugh
912,Sherman Jackson
913,Kelsey Moss
914,Cavan Concannon
915,Evgeny Dengub
916,Ekaterina Tomashevskaia
917,Elena Petrova
918,Anna Sbitneva
919,Peter Winsky
920,Elizaveta Dvortsova
921,Jack Peters
922,Andrzej Brylak
923,Alexander Zholkovsky
924,Thomas Seifrid
925,Ellina Sattarova
926,Jody Agius Vallejo
927,Shang Liu
928,Kritika Pandey
929,Juliana Mc Gene
930,Yael Findler
931,Robert Werth
932,Simon Garibyan
933,Thuan Nguyen
934,Dan Lainer-Vos
935,Ann Song
936,Deisy Del Real
937,Hailee Reichwald
938,Gianne Sheena Sabio
939,Sarandon Gilbert
940,Karen Sternheimer
941,Tim Biblarz
942,Elisabeth Shimada
943,Samantha Bernstein
944,Jennifer Hook
945,Elaine Bell Kaplan
946,Kit Myers
947,Brittany Friedman
948,Nina Eliasoph
949,Emily Smith-Greenaway
950,Jaclyn Cohen-Steinberg
951,David Zarazua
952,Carolina Castillo Larrea
953,Javier Pavez Munoz
954,Jamie Fudacz
955,Maria Mercedes Fages Agudo
956,Maura Crowley
957,Nayla Mendes Ramalho
958,John Souza
959,Lorena Gallego
960,Consuelo Siguenza-Ortiz
961,Anahit Hakoupian
962,Leah Kemp
963,Inger Flem Soto
964,Gayle Fiedler-Vierma
965,Karen Perez
966,Liana Stepanyan
967,Ivette Gomez
968,Marie Enright
969,Martin Ocon-Gamarra
970,Andrea Parra
971,Catherine Bedoya
972,Vianey Cabrera
973,Federico Correa Pose
974,Lori Mesrobian
975,Natalie Belisle
976,Marianna Chodorowska-Pilch
977,Natalia Perez
978,Samuel Steinberg
979,Sarah Portnoy
980,Leilei Duan
981,Robert Vos
982,Jeffrey Rozelle
983,Han Shen
984,Diana Ter-Ghazaryan
985,Aviva Wolf-Jacobs
986,Yi Qi
987,Shengjie Liu
988,John Wilson
989,Andrew Kampfschulte
990,Guoping Huang
991,Sisi Wang
992,Jennifer Swift
993,Xin Yu
994,Laura Loyola
995,An-Min Wu
996,Darren Ruddell
997,Elisabeth Sedano
998,Frank Chang
999,Taiyaba Husain
1000,Emily Artiano
1001,Maddox Pennington
1002,Christopher Muniz
1003,Daniel Pecchenino
1004,Leah Tieger
1005,Brent Chappelow
1006,Arsalan ul Haq
1007,Nicholas De Dominic
1008,Liz Blomstedt
1009,William Gorski
1010,P.T. McNiff
1011,Keasha Worthen
1012,James Ciano
1013,Zen Dochterman
1014,Sean Cosgrove
1015,Michelle Meyers
1016,Ramon Roa
1017,Michael Deagler
1018,Rochelle Gold
1019,Corinna Schroeder
1020,Patti Taylor
1021,Lilit Keshishyan
1022,Arsalan Haq
1023,Taly Matejka
1024,Rebecca Fullan
1025,Alison Minami
1026,Jianan Qian
1027,Kate Levin
1028,Pamela Albanese
1029,Michelle Rosado
1030,Shana Kraynak
1031,Jessica Cantiello
1032,Deanna Rivera
1033,James Condon
1034,Rowan Bayne
1035,Nathalie Joseph
1036,LauraAnne Carroll-Adler
1037,Sarah Orem
1038,Stephanie Mullings
1039,Colin Flynn
1040,Tanvi Patel
1041,April Davidauskis
1042,Leah Pate
1043,Rory Lukins
1044,Alison Pearl
1045,Mitchell Jacobs
1046,Wooyoung Kim
1047,Camila Reyes
1048,Ryan Boyd
1049,Brett Gordon
1050,Sarah Mesle
1051,Sandra Ross
1052,Kristie Guillen
1053,Zak Breckenridge
1054,Joshua Beckelhimer
1055,Amelia Cruz
1056,Mary Traester
1057,Amanda Bloom
1058,Daniel Dissinger
1059,Laurie Fisher
1060,Seth Fischer
1061,Jim Clements
1062,Jessi Johnson
1063,Scott Smith
1064,Amber Foster
1065,Dana Milstein
1066,Stephanie Payne
1067,Justin Bibler
1068,Indra Mukhopadhyay
1069,William Feuer
1070,Stephanie Bower
1071,Mark Marino
1072,Deborah Sims
1073,Evelyn Boria-Rivera
1074,Jennifer Bankard
1075,Matthew Manson
1076,Ryan Leack
1077,Antonio Elefano
1078,Andrew De Silva
1079,William Wyatt
1080,Norah Ashe
1081,Amy Meyerson
1082,David Tomkins
1083,Stephen Mack
1084,Amanda Hobmeier
1085,Michael Bunn
1086,Jessica Piazza
1087,Shefali Rajamannar
1088,Elizabeth Durst
1089,Carlos Antonio Delgado
1090,Robert Waller
1091,Tamara Black
1092,Navdeep Mundi
1093,Clark Hansen
1094,Lee Cerling
1095,Kimberly Brower
1096,Gerald Giaquinta
1097,Lucy V Lee
1098,Todd Henneman
1099,Janna Wong
1100,James Owens
1101,Naomi Warren
1102,Holly Bridges
1103,Jon-Erik Tateri
1104,Melanie Johnson
1105,Elisabeth Weiss
1106,Martha Townsend
1107,Marc Aubertin
1108,Steve Bucher
1109,Bart Skarzynski
1110,Marc Ballon
1111,Harly Ramsey
1112,Helen Choi
1113,Sarah Mojarad
1114,Benjamin Pack
1115,Cory Nelson
1116,Taylor Wiesen
1117,Kristen Jaconi
1118,Lori Smith
1119,James Leonetti
1120,Greg Kling
1121,Shiing-Wu Wang
1122,Tracie Majors
1123,Smrity Randhawa
1124,Bill Holder
1125,Rose Layton
1126,Tony Aaron
1127,Clive Lennox
1128,Herbert Perlmutter
1129,Charles Swenson
1130,K.R. Subramanyam
1131,David Boschetto
1132,Paul Bader
1133,Jack Barcal
1134,Cynthia Gensler
1135,Lauren Matchison
1136,Teddy Slowik
1137,Valery Augustin
1138,Vlanka Catalan
1139,Rob Berry
1140,Mina Chow
1141,Sarah Hammond
1142,Geoffrey von Oeyen
1143,Jeff Guh
1144,Erik Carver
1145,Miller Fong
1146,David Gerber
1147,Marc Schiler
1148,Hadrian Predock
1149,Sophia Gruzdys
1150,Gary Paige
1151,Hallie Black
1152,John Dutton
1153,Jasmine Benyamin
1154,Tigran Ayrapetyan
1155,Yo-Ichiro Hakomori
1156,Vinayak Bharne
1157,Scott Uriu
1158,Diane Ghirardo
1159,Jessica Varner
1160,Douglas Noble
1161,Michael Arden
1162,Lee Olvera
1163,Christof Jantzen
1164,Ginger Nolan
1165,Richard Green
1166,Kate Chiu
1167,R Mitchell
1168,Eric Haas
1169,Andy Ku
1170,Karen Kensek
1171,Kyle Konis
1172,Victor Regnier
1173,Santosh Shahi
1174,Trudi Sandmeier
1175,Janek Dombrowa
1176,Sascha Delz
1177,Esther Margulies
1178,Jerry Hastings
1179,Alexander Robinson
1180,Takako Tajima
1181,Aroussiak Gabrielian
1182,Alison Hirsch
1183,Douglas Kent
1184,Xun Liu
1185,Meredith Drake Reitan
1186,Peyton Hall
1187,Parbi Boodaghian
1188,Kais Al-Rawi
1189,Elizabeth Valmont
1190,Anthony Brower
1191,Jen Toy
1192,Emily Mohr
1193,Peter Ekman
1194,Faiza Moatasim
1195,Ryan Tyler Martinez
1196,Lauren Dandridge
1197,Chris Kyriakakis
1198,Roland Wahlroos-Ritter
1199,Matthew Conway
1200,Robert Ley
1201,Eric Nulman
1202,Gideon Susman
1203,Sanjeev Tankha
1204,Trinidad Rico
1205,Wesley Jones
1206,Davina Wolter
1207,Stephen Child
1208,Aaron Siegel
1209,Wade Cleveland
1210,Phil More
1211,Adam Hughes
1212,Cristina Visperas
1213,Pamela Perrimon
1214,Maria Fernanda Soria Cruz
1215,Christopher Persaud
1216,Grant Delgatty
1217,Armine Lulejian
1218,Patrick Dent
1219,Raymond Kim
1220,Doug Thomas
1221,Mikaila Weaver
1222,Chris Swain
1223,Lessa Grunenfelder
1224,Lisa Krohn
1225,Bennett Lee
1226,Matthew Manos
1227,Yihyun Lim
1228,Nathan Greenfield
1229,Michael Wissot
1230,Karen North
1231,Velina Houston
1232,David Tang
1233,Tina Sharkey
1234,P.J. Leimgruber
1235,David Beier
1236,Michael Overing
1237,Michael Crowley
1238,Trent Jones
1239,Jessa Mendoza
1240,Emily Schneider
1241,Jay Clewis
1242,Jean-Michel Arnoult
1243,Jake Spurlock
1244,Douglas Hewitt
1245,Scott Armanini
1246,Albert Napoli
1247,Glenn Fox
1248,Paul Orlando
1249,David Belasco
1250,Abby Fifer Mandell
1251,Colin Coggins
1252,Julien Adams
1253,Michael Napoliello
1254,Dan Wadhwani
1255,Eric Chung
1256,Anthony Borquez
1257,Jeremy Dann
1258,Elissa Grossman
1259,Hovig Tchalian
1260,Carmen Palafox
1261,Alexis Jeffries
1262,Shane Kelly
1263,Jill Kickul
1264,Sherry Gunther Shugerman
1265,Paul Orfalea
1266,Shaun Harper
1267,Adlai Wertman
1268,Geraldine Coppola Martin
1269,Andrew Ogilvie
1270,Matthew Shaffer
1271,Lorien Stice-Lawrence
1272,Yu Ting Forester Wong
1273,Michael Paranal
1274,Zivia Wilson Sweeney
1275,George Braunegg
1276,Francisco Roman
1277,Shelley Li
1278,Tonii Brady
1279,Thomas Cummings
1280,Ekta Vyas
1281,Keven Brahim Kaddi
1282,Patrick Cates
1283,Johanna Tolan
1284,Lanore Larson
1285,Jason Frenn
1286,Eric Anicich
1287,Amy Bresnahan
1288,Rebecca Heino
1289,Marc Choueiti
1290,Duke Bristow
1291,Ayca Altintig
1292,Alex Miller
1293,Lars Perner
1294,Eva Buechel
1295,Hank Wasiak
1296,Tyrone Callahan
1297,Yaron Levi
1298,Paromita Dubey
1299,Keith Robinson
1300,Charlie Hannigan
1301,Inga Maslova
1302,Francis Pereira
1303,Feng Chen
1304,Maureen Mchale
1305,Claudia Aguilar
1306,Sowon Kang
1307,Catherine Nunez
1308,Ellen-Linnea Dipprey
1309,Yijia Guo
1310,Kirk Snyder
1311,Peter Cardon
1312,Stephen Lind
1313,Robertas Gabrys
1314,Alireza Kabirian
1315,Austin Pollok
1316,Richard Selby
1317,Grace Gu
1318,Paat Rusmevichientong
1319,Lorena Martin
1320,Tathagata Dasgupta
1321,Cosimo Arnesano
1322,Dawn Porter
1323,Xin Tong
1324,Inge Lindholm
1325,Ash Pahwa
1326,Daniela Saban
1327,Murat Bayiz
1328,Joydeep Banerjee
1329,Omar El Sawy
1330,Stephen Coggeshall
1331,Yingying Fan
1332,Beibei Li
1333,Bala Subramanian
1334,Nick Vyas
1335,Sriram Dasu
1336,Sudi Bhattacharya
1337,Jeff Higgins
1338,Jinchi Lv
1339,Vishal Gupta
1340,Kevin Fields
1341,Cary Frydman
1342,Kerry Fields
1343,Ken Shinoda
1344,Todd Foreman
1345,Lukas Schmid
1346,Mark Griffiths
1347,Scott Joslin
1348,Andrew Menard
1349,Nikhil Bhatia
1350,Sanjay Sharma
1351,Brian Little
1352,Arthur Korteweg
1353,Julia Plotts
1354,Scott Abrams
1355,Arya Rahimian
1356,Shane Shepherd
1357,Steve Schurman
1358,Tanakorn Makaew
1359,Gerard Hoberg
1360,John Loper
1361,Mark Sprague
1362,John Ayoob
1363,Christopher Jones
1364,Marco Giacoletti
1365,Kenneth Ahern
1366,John Matsusaka
1367,Andrii Parkhomenko
1368,Marion Philadelphia
1369,Diane Badame
1370,Harris Smith
1371,Courtney Brunious
1372,Gregory Patton
1373,Mark Young
1374,Chris Bresnahan
1375,Joseph Nunes
1376,Rex Kovacevich
1377,Rahsan Akbulut
1378,Selahattin Imrohoroglu
1379,Gulden Ulkumen
1380,Dina Mayzlin
1381,Ruth Wallach
1382,Caroline Muglia
1383,Jillian Wallis
1384,Renee Di Pilato
1385,Ben Alexander
1386,Win Shih
1387,Christal Young
1388,Melissa Miller
1389,Jade Winn
1390,Dinesh Puranam
1391,Arianna Uhalde
1392,Therese Wilbur
1393,Gary Frazier
1394,John Benson
1395,Ariela Turndorf
1396,Elena Hansen
1397,Dennis Schorr
1398,Joseph Priester
1399,Larry Vincent
1400,Franco De Cesare
1401,D. Sokol
1402,Sivaramakrishnan Siddarth
1403,Nikhil Malik
1404,Kalinda Ukanwa
1405,Lan Luo
1406,Beth Wellman
1407,Anthony Dukes
1408,Gerard Tellis
1409,Stephanie Tully
1410,Sha Yang
1411,Kristin Diehl
1412,Paul Adler
1413,Terance Wolfe
1414,Cheryl Wakslak
1415,Michael Mische
1416,Peter Carnevale
1417,Peter Kim
1418,Quentin Fleming
1419,Katharine Harrington
1420,David Carter
1421,Carl Voigt
1422,Gordon Ho
1423,Ryan Keefer
1424,Kenneth Perlman
1425,Peer Fiss
1426,Jim Legeman
1427,Kyle Mayer
1428,Christine El Haddad
1429,Arvind Bhambri
1430,Shon Hiatt
1431,Scott Wiltermuth
1432,Nicolas Perez
1433,Jenny Lee
1434,Donald Hummer
1435,Tiffany Danko
1436,Kyle Chavez
1437,Roberto Blain
1438,John Jones
1439,Bria White
1440,Marcus Butler
1441,Sharon Greene
1442,Michael Lane
1443,Mandi Brooksbank
1444,Bonnie Chi
1445,Jason Berman
1446,Christian Sutton
1447,Michael Renov
1448,Marcus Anderson
1449,Lauren Meltzner
1450,Aaron Settipane
1451,Lisa Leeman
1452,Wendy J.N. Lee
1453,Theodore Braun
1454,Stephen Armour
1455,Robert Osher
1456,Theresa Peters
1457,Richard Amador
1458,Lee McCaulla
1459,Justin Parpan
1460,Tom Sito
1461,Katie Smith
1462,Morgan Kelly
1463,Nicole West
1464,Eric Hanson
1465,John Mahoney
1466,Josh Staub
1467,Craig Barron
1468,Elizabeth Brauer
1469,Dariush Derakhshani
1470,Maks Naporowski
1471,Marcel Valcarce
1472,Jordan Halsey
1473,Tapan Gandhi
1474,Maurice Bastian
1475,Domin Lee
1476,Teresa Cheng
1477,Jang Lee
1478,Richard Goldsmith
1479,John Brennan
1480,Moses Journey
1481,Jason Reisig
1482,Kathy Smith
1483,Abram Makowka
1484,Gordon Bellamy
1485,George Carstocea
1486,Dineo Maine
1487,Nitin Govil
1488,Manouchka Labouba
1489,Lan Duong
1490,Slava Greenberg
1491,Ella Taylor
1492,Giancarlo Cornejo
1493,Courtney White
1494,William Whittington
1495,Priya Jaikumar
1496,Leonard Maltin
1497,Mary Mcnamara
1498,Simran Bhalla
1499,Thomas Pringle
1500,Emma Benayoun
1501,Vicki Callahan
1502,Kiki Benzon
1503,Tara Mcpherson
1504,Kyle Ackerman
1505,Joseph Garlington
1506,Caleb Bladh
1507,Jonathan Ogilvy
1508,Margaret Moser
1509,Peter Brinson
1510,Jesse Vigil
1511,Treaandrea Russworm
1512,Jim Huntley
1513,Chevon Hicks
1514,Heather Desurvire
1515,Sam Roberts
1516,Robert Nashak
1517,Tracy Fullerton
1518,Cynthia Woll
1519,Shing yin Khor
1520,Andrew Goldstein
1521,Paul Bellezza
1522,Nicholas Linares
1523,Timothy Lee
1524,John Nee
1525,Ed Zobrist
1526,Marientina Gotsis
1527,Richard Lemarchand
1528,Martzi Campos
1529,Mark Bolas
1530,Sean Bloom
1531,Dennis Wixon
1532,Laird Malamed
1533,Marianne Krawczyk
1534,Preston Moss
1535,Joseph Hansford
1536,Mitch McGlocklin
1537,Juli Juteau
1538,Paul Kowalski
1539,Petra Haffter
1540,Katy Garretson
1541,Steven Albrezzi
1542,Anne Hamilton
1543,David Mccall
1544,Savannah Bloch
1545,Tristan Whitman
1546,Gary Wagner
1547,Yvette Amirian
1548,Brian Wessel
1549,Chris Morocco
1550,Izumi Morocco
1551,Steve Zuckerman
1552,Kim Ray
1553,Barry Bogovich
1554,Joselito Seldera
1555,Katie Gately
1556,Jason Rosenfield
1557,Scott Gamzon
1558,Jennifer Grable
1559,Christopher Warren
1560,Linda Brown
1561,Dianne Farrington
1562,Robert Brown
1563,Robert Schiller
1564,Andrew Balis
1565,Lori Webster Fore
1566,Samantha Hagemeyer
1567,Dan Lupovitz
1568,Richard Burton
1569,Stephen Flick
1570,Emre Okten
1571,Peggy Weil
1572,Anne Desalvo
1573,Mimi Gramatky
1574,Daniel Noah
1575,Torrie Rosenzweig
1576,Navid Mcilhargey
1577,Richard Block
1578,Michael Provart
1579,Alex Gibson
1580,Tim Kirkman
1581,Barnet Kellman
1582,Helaine Head
1583,Robert Townsend
1584,Christopher Guerrero
1585,Paula Walker-Kestermann
1586,Pablo Frasconi
1587,Bruce Block
1588,Seth Koury
1589,Rebekah McKendry
1590,James Savoca
1591,Scott Stone
1592,Yu Gu
1593,Jennifer Warren
1594,Jeremy Kagan
1595,John Rosenberg
1596,John Palmer
1597,Everett Lewis
1598,Jeremy Deneau
1599,David Steinberg
1600,Tom Jacobson
1601,Eric Freiser
1602,Anthony Jonas
1603,Alyssa Clark
1604,Michael Taylor
1605,Brenda Goodman
1606,Peter Sollett
1607,John Watson
1608,Tim Marx
1609,Chinyere Nwodim
1610,Beverly Neufeld
1611,Robert Ramsey
1612,Joseph Wheeler
1613,David Howard
1614,Donald Bohlinger
1615,Matt Montoya
1616,Deborah Seibel
1617,Joshua Senter
1618,Alexa Alemanni
1619,Jay Kogen
1620,Jeremy Novick
1621,Lamont Ferrell
1622,Jim Staahl
1623,Benita Garvin
1624,Garth Twa
1625,Lindsay Stidham
1626,Maggy Torres-Rodriguez
1627,Christopher Moore
1628,Harold Apter
1629,Collin Kelly
1630,Ross Berger
1631,Pamela Douglas
1632,Rick Parks
1633,Erick Castrillon
1634,Vincent Robert
1635,Anne Postman
1636,Donald Hewitt
1637,Richard Whitley
1638,Rita Augustine
1639,Sean Hood
1640,Paul Foley
1641,Tyger Williams
1642,Amy Straus
1643,Jill Goldsmith
1644,Ivy Sunderji
1645,Janet Batchler
1646,Joe Peracchio
1647,Scot Armstrong
1648,Irving Belateche
1649,Robert Luchow
1650,Larry Balmagia
1651,Thomas Abrams
1652,Robert Sabin
1653,Natasha Maidoff
1654,David Weber
1655,Andrea Nasfell
1656,Kerem Sanga
1657,Mary Sweeney
1658,F.J. Pratt
1659,Maria Jacquemetton
1660,Jeffrey Glaser
1661,Siavash Farahani
1662,Brandon Willer
1663,Nicole Jefferson
1664,Bob Tzudiker
1665,Trey Callaway
1666,Jeanne Jo
1667,David Johnson
1668,Evan Hughes
1669,Ashley York
1670,Virginia Kuhn
1671,Alexander Mcdowell
1672,Carrie Chen
1673,Elizabeth Ramsey
1674,Michael Bodie
1675,Elisabeth Mann
1676,Stephanie Spray
1677,Holly Willis
1678,Einar Baldvin
1679,Alison Trope
1680,Nick Morr
1681,Jameela Hammond
1682,Rogelio Lopez
1683,India Walton
1684,Bryant Smith
1685,David Zong
1686,Robert Scheer
1687,Josh Widera
1688,Ruth Kelly
1689,Lisa Pecot-Hebert
1690,Katrina Chan
1691,Christopher Smith
1692,Willow Bay
1693,Julia Matthews
1694,Leah Gunn
1695,Christie Ly
1696,Colleen Keough
1697,Daniel Durbin
1698,Morten Bay
1699,Alexis Brunswick
1700,Sarah Dzida
1701,Dmitri Williams
1702,Marina Kosten
1703,Eric Markgraf
1704,Simon Uwins
1705,Jeffrey Hirsch
1706,Robert Borg
1707,Angela Barrick
1708,Joshua Feldman
1709,Adam Fratto
1710,Courtney Pade
1711,Rich Guest
1712,Mayanna Framroze
1713,Ted Skidmore
1714,Marcela Amiune
1715,James Lee
1716,Lisa Tush
1717,Ben Lee
1718,Cynthia Martinez
1719,Catie Saralegui
1720,Monica Koyama
1721,Jessica Neff
1722,Daniela Baroffio
1723,Aimei Yang
1724,Christina Bellantoni
1725,Nick Cull
1726,Larry Gross
1727,Stacy Smith
1728,Jillian Pierson
1729,Laurel Felt
1730,Molly Frizzell
1731,Stephanie Westmyer
1732,Adam Navarro
1733,Kiran Dhillon
1734,Maximilian Brichta
1735,Eduardo Gonzalez
1736,Steven Proudfoot
1737,Robert Michael
1738,Robin Stevens
1739,Qiaozhen Jia
1740,Andrea Hollingshead
1741,Josh Kun
1742,Francois Bar
1743,Nazli Offringa
1744,Carmen Lee
1745,Julianna Kirschner
1746,Randy Lake
1747,Tyler Quick
1748,Carlos Godoy
1749,Sean Kennedy
1750,Rook Campbell
1751,Hye Jin Lee
1752,Jennifer Petersen
1753,Jeffrey Fellenzer
1754,Lichen Zhen
1755,Jessica Hatrick
1756,Willa Seidenberg
1757,Ariana Case
1758,Taj Frazier
1759,Marlon Twyman
1760,Henry Jenkins
1761,Colin Maclay
1762,Hector Amaya
1763,Lindsay Young
1764,Emilio Ferrara
1765,Lynn Miller
1766,Hernan Galperin
1767,Manuel Castells
1768,Mike Ananny
1769,Christina Dunbar-Hester
1770,Joseph Itaya
1771,Mahta Emrani
1772,Anika Jackson
1773,Raymond Lutzky
1774,Styles Akira
1775,Erik Deutsch
1776,Colin Doty
1777,Adam Holiber
1778,Andy Lutzky
1779,Todd Richards
1780,Jeffrey Thompson
1781,Shub A
1782,Caroline Leach
1783,Freddy Nager
1784,Geoffrey Cowan
1785,Joe Saltzman
1786,Melissa McCoy
1787,Muna Shikaki
1788,Laila Muhammad
1789,Vince Gonzales
1790,Sam Youngman
1791,Garin Flowers
1792,Christine Kelley
1793,Alicia Ramirez
1794,Esmeralda Fabian Romero
1795,Luke Harold
1796,Toni Albertson
1797,Kingsley Smith
1798,Mary Harris
1799,Julie Chang
1800,Allan Lopez
1801,Kandiss Crone
1802,Joseph Calabrese
1803,Peggy Bustamante
1804,Keith Plocek
1805,Grace Manthey
1806,Vanessa Gaie
1807,Robert Meeks III
1808,Fernando Hurtado
1809,Dana Chinn
1810,Laura Davis
1811,Myra Turner
1812,Robert Parker
1813,Laura Castaneda
1814,Mary Murphy
1815,Stacy Scholder
1816,Shelley Smith
1817,Daniel Birman
1818,Tena Rubio
1819,Gary Cohn
1820,Robert Hernandez
1821,Eric Pape
1822,Justin Chang
1823,Amber Theoharis
1824,Heather Fogarty
1825,Alan Abrahamson
1826,Lisa Fung
1827,Todd Purdum
1828,Jennifer Floto
1829,Selina MacLaren
1830,Amara Aguilar
1831,Ben Carrington
1832,Oscar Garza
1833,Rebecca Haggerty
1834,Gabriel Kahn
1835,Sandy Tolan
1836,Alan Mittelstaedt
1837,Allissa Richardson
1838,Gordon Stables
1839,Roberto Suro
1840,Mark Schoofs
1841,Iris Lee
1842,Andrew Schwartz
1843,Kelly McEvers
1844,Afua Hirsch
1845,Annie Mateen
1846,Sandra Kazarian
1847,Steve Caplan
1848,Melanie Cherry
1849,Dennis Canon
1850,Stefan Pollack
1851,Lauren Bradford
1852,Nan Sumski
1853,Jeff Moeller
1854,Daniel Schnur
1855,Su Jung Kim
1856,Cheryl Cook
1857,Brenda Lynch
1858,Matthew Leveque
1859,Jennifer de la Fuente
1860,Jonathan Stearns
1861,Clarissa Beyah
1862,Eunjin (Anna) Kim
1863,Fred Cook
1864,Robert Kozinets
1865,Burghardt Tenderich
1866,Jay Wang
1867,Marc Isenberg
1868,Dave Quast
1869,Laura Jackson
1870,LaShawn McFadden
1871,Annelise Bamberg
1872,Hayley Burgess
1873,Jeffrey Gold
1874,Morgan Keller
1875,Melissa Robinson
1876,Dwight Dawson
1877,Scott Kronick
1878,Evan Pondel
1879,Ashley Owen
1880,Damon Woods
1881,Robert Banks
1882,Ernest Wilson
1883,Molly Bogunovic
1884,Tiffany Bong
1885,Bruce McCormick
1886,Betsy Struxness
1887,Alison D'Amato
1888,Achinta McDaniel
1889,E. Moncell Durden
1890,Sarah Anindo Marshall
1891,Jennifer Lott
1892,Kelly Alvarez
1893,Ebony Frazier
1894,Shannon Grayson
1895,Pat Taylor
1896,Nina Flagg
1897,Dante Rose
1898,Jesus Fuentes
1899,Josette Wiggan
1900,Jason Rodgers
1901,Jackie Kopcsak
1902,Saleemah Knight
1903,Dawn Stoppiello
1904,Patrick Corbin
1905,d. Sabela Grimes
1906,Grasan Kingsberry
1907,Gillian Finley
1908,James Ady
1909,Amy O'Neal
1910,Bonnie Homsey
1911,Cheryl Park
1912,Nam Cho
1913,Alexander Alcaraz
1914,Sillas Duarte
1915,Theresia Laksmana
1916,Rafael Roges
1917,Catherine Pham
1918,Hovhanness Shnorhokian
1919,Mahvash Navazesh
1920,Reyes Enciso
1921,Glenn Clark
1922,Glenn Sameshima
1923,Kian Kar
1924,Jianfu Chen
1925,Mark Urata
1926,Rebecca Dayanim
1927,Mariela Padilla
1928,Roseann Mulligan
1929,Jin-Ho Phark
1930,Jenny Son
1931,John Kishibay
1932,Jose Polido
1933,Alon Frydman
1934,Laura Flanagan
1935,Neisha Folkes
1936,Amrita Dhaliwal
1937,Jenni Brandon
1938,Alexandra Billings
1939,Judith Shelton
1940,Kirstin Eggers
1941,Stevie Johnson
1942,Jenni Barber
1943,Kevin McCorkle
1944,Jeremiah O'Brian
1945,Paul Urcioli
1946,Adam Chambers
1947,Jeff Crockett
1948,Anita Dashiell-Sparks
1949,Debra De Liso
1950,Zachary Steel
1951,Paul Hungerford
1952,Jenny Guthrie
1953,Els Collins
1954,Tak Kata
1955,MaryAnn Hu
1956,Stephanie Shroyer
1957,Howard Schmitt
1958,Kenneth Mitchell
1959,Gary Domasin
1960,Rena Heinrich
1961,Melinda Finberg
1962,Tom Buderwitz
1963,Elizabeth Harper
1964,Sibyl Wickersheimer
1965,Matthew Montgomery
1966,Gabriella Santinelli
1967,Bayo Akinfemi
1968,Danye Brown
1969,Esther Chae
1970,Bob Bailey
1971,Frank Catalano
1972,Sharon Carnicke
1973,Nathan Scheuer
1974,Kenneth Sawyer
1975,Boni Alvarez
1976,Gregg Daniel
1977,Nick Massouh
1978,Phil Allen
1979,Brent Blair
1980,Emily Alpren
1981,Matthew Felten
1982,Lee Chemel
1983,Edgar Landa
1984,Lena Ford
1985,Luis Alfaro
1986,Kathy Dunn-Muzingo
1987,Julian Conde
1988,Dan Shaner
1989,James Morosini
1990,Kosta Potamianos
1991,Tomm Polos
1992,Duncan Mahoney
1993,Kendall Johnson
1994,Michael Donovan
1995,Scott Faris
1996,Ann Closs-Farley
1997,Samantha Jones
1998,Martha Carter
1999,Donavan Martinelli
2000,Kate Burton
2001,Rodney To
2002,David O
2003,Wayne Federman
2004,Meghan Laughlin
2005,Noel Nichols
2006,Beverly Leech
2007,Jenna Pastuszek
2008,Sabina Zuniga Varela
2009,Babette Markus
2010,Ntare Guma Mbaho Mwine
2011,Michele Shay
2012,Natsuko Ohama
2013,Oliver Mayer
2014,Finola Hughes
2015,David Warshofsky
2016,John Duggan
2017,Gregoire Francois
2018,Atheneus Ocampo
2019,Charles Nassar
2020,Tiffany Fuller
2021,Marsha Riggio
2022,Wanda Quezada
2023,Jonathan Wang
2024,Kortney Hernandez
2025,Adrienne Ann Mullen
2026,Julio Flores
2027,Cynthia Mosqueda
2028,Sheila Banuelos
2029,Samuel Kim
2030,Lynette Merriman
2031,David Glasgow
2032,Carmen Soto
2033,Michelle T. Hartounian
2034,Amy Yillik
2035,David Smith
2036,Dennis Hocevar
2037,Patricia Burch
2038,Isaiah Simmons
2039,Kathleen Apps
2040,Paula Carbone
2041,Sandra Kaplan
2042,Marybeth Heather
2043,Lenese Stephens
2044,Andrae Brown
2045,A'tasha Christian
2046,Kanika Middleton
2047,Paul Harris
2048,Raven Barrow
2049,Brittny McCarthy
2050,Rudy Roman
2051,Tamara Barron
2052,Narineh Makijan
2053,Michele Pinellas
2054,Bernadette Lucas
2055,Erika Page
2056,Patricia Tobey
2057,Stefanie Phillips
2058,Marcus Pritchard
2059,Rudolph Crew
2060,Deanna Campbell
2061,Courtney Malloy
2062,Frances Kellar
2063,Ekaterina Moore
2064,Nicole Maccalla
2065,Ayesha Madni
2066,Sherritta Hughes
2067,Sonia Gooden-Alexis
2068,Onaje Salim
2069,Rufus Spann
2070,Jennifer Gold
2071,Catherine Barrett
2072,Harold Waters
2073,Richard Cortes
2074,Nunag Nunag
2075,Jasmynne-Shaye Robbins
2076,Sean Boileau
2077,Jacquelyn Szajer
2078,Jerome Rucker
2079,Sherika Miller
2080,Kenneth Yates
2081,Alan Green
2082,Robert Filback
2083,Alma Zaragoza-Petty
2084,Briana Hinga
2085,Cory Buckner
2086,Latonia Laffitte
2087,Douglas Lynch
2088,Anthony Maddox
2089,Ruth Chung
2090,Helena Seli
2091,Carey Regur
2092,Heather Davis
2093,Julie Marsh
2094,Mary Andres
2095,Sandra Smith
2096,Kelly Greco
2097,Theodore Burnes
2098,Eunice Humphrey
2099,Christina Green
2100,Don Trahan
2101,Stephen Aguilar
2102,Deborah Schleicher
2103,Brinell Anderson
2104,Alicia Gomez
2105,Ilene Rosenstein
2106,Diana Jochai
2107,Esther Kim
2108,Jessica DeCuir-Gunby
2109,Katerina Schenke
2110,Matthew Dame
2111,Liyan Wang
2112,Royel Johnson
2113,Marie Gironda
2114,Sarah Katherine Schmaltz
2115,Shanta Smith
2116,Stephanie Dewing
2117,Rebecca Williams
2118,Angela Hasan
2119,Rodrick Jenkins
2120,Marco Diaz
2121,Yasemin Copur-Gencturk
2122,Shilby Sims
2123,Kim Ferrario
2124,Roderick Castro
2125,Mary Hillier
2126,Frederick Freking
2127,Akilah Lyons-Moore
2128,Sara-Jean Lipmen
2129,Jared Dupree
2130,Richard Pedroza
2131,Amy Hodge
2132,Nasser Cortez
2133,Monique Datta
2134,Hanns Botz
2135,Jennifer Krogh
2136,Rhoda Coleman
2137,Deborah Hazelton
2138,Eugenia Mora-Flores
2139,Sue Jin Kim
2140,Shayna Markwongnark
2141,Eric Medrano
2142,Kammie Hayashibara
2143,Amy Marcoullier
2144,Maribel Galan
2145,Karen Alejado
2146,Krishna Smith
2147,Maria Pimienta
2148,Themistocles Sparangis
2149,Erica Silva
2150,Corinne Hyde
2151,Paolo DeGuzman
2152,Zina Evans
2153,Jihye Kwon
2154,Deangela Burns-Wallace
2155,Arthur Coleman
2156,Julie Posselt
2157,Tracy Tambascia
2158,Mark Robison
2159,John De Mita
2160,Wayne Combs
2161,Patrick Crispen
2162,Susanne Foulk
2163,Christopher Riddick
2164,Melanie Brady
2165,Cathy Krop
2166,Gale Sinatra
2167,Kendrick Davis
2168,Maria Ott
2169,Alison Muraszewski
2170,Adrian Huerta
2171,Darnell Cole
2172,Morgan Polikoff
2173,Adam Kho
2174,Adrianna Kezar
2175,Christopher Emdin
2176,Mark Pearson
2177,Kimberly Hirabayashi
2178,Christina Kishimoto
2179,Xiomara Mateo-Gaxiola
2180,Raquel Torres-Retana
2181,Artineh Samkian
2182,Joelle Greene
2183,Julie Slayton
2184,Bradley Ermeling
2185,David Cash
2186,Gregory Franklin
2187,Erika Patall
2188,Darline Robles
2189,Eric Canny
2190,Saakar Byahut
2191,Leslie King
2192,Oussama Safadi
2193,Inna Abramova
2194,Babak Boloury-Azad
2195,Yan Jin
2196,Fokion Egolfopoulos
2197,Niema Pahlevan
2198,Robert Antypas
2199,Hangbo Zhao
2200,Alejandra Uranga
2201,Behnam Jafarpour
2202,Hubert Wong
2203,Vinay Goyal
2204,Paul Ronney
2205,Emma Singer
2206,Bo Jin
2207,Yann Staelens
2208,Jonathan Sauder
2209,Ivan Bermejo-Moreno
2210,Carlos Pantano-Rubino
2211,Satwindar Sadhal
2212,Firdaus Udwadia
2213,Paul Newton
2214,Carter Wellford
2215,Serkan Kalender
2216,Satyandra Gupta
2217,Robert Minnichelli
2218,Quan Nguyen
2219,Henryk Flashner
2220,Nikhil Kar
2221,Wei Wu
2222,Michael Hahn
2223,Amin Ghadami
2224,Dan Erwin
2225,David Barnhart
2226,Daniel Depew
2227,Jim Chase
2228,Lisa Hill
2229,Bryan Cooley
2230,Michael Kezirian
2231,William Tobiska
2232,Lubos Brieda
2233,Garrett Reisman
2234,Ghanshyam Purohit
2235,Keith Goodfellow
2236,Don Edberg
2237,Mike Gruntman
2238,Gerald Hintz
2239,Ryan Park
2240,David Lee
2241,Steve Lapen
2242,Azad Madni
2243,Jesse Yen
2244,Stan Yamashiro
2245,David D'Argenio
2246,Christopher Noll
2247,Jerry Loeb
2248,Cristina Zavaleta
2249,Jean-Michel Maarek
2250,Jennifer Treweek
2251,Brent Liu
2252,Keyue Shen
2253,Vasilis Marmarelis
2254,Qifa Zhou
2255,Ted Berger
2256,Eun Ji Chung
2257,William Yang
2258,Jincai Chang
2259,Shaama Mallikarjun Sharada
2260,Andrea Hodge
2261,Theo Tsotsis
2262,Wade Zeno
2263,Noah Malmstadt
2264,Pin Wang
2265,Paulo Branicio
2266,Kristian Jessen
2267,Nicholas Graham
2268,Meida Chen
2269,Roger Ghanem
2270,Qiming Wang
2271,Thomas Petersen
2272,Massoud Pirbazari
2273,Sami Masri
2274,Alan Croll
2275,Patrick Lynett
2276,Gregg Brandow
2277,Henry Koffman
2278,Navneet Agrawal
2279,Chun-Ching Wang
2280,Amy Rechenmacher
2281,Burcin Becerik
2282,Sunny Wang
2283,Brad Cracchiola
2284,Ed Reynolds
2285,Bora Gencturk
2286,Navid Nastar
2287,Farzad Naeim
2288,Devang Dedhia
2289,Berok Khoshnevis
2290,Shahed Rowshan
2291,Roxana Javid
2292,Felipe De Barros
2293,Audrey Olivier
2294,Mohammad Reza Rajati
2295,Mark Redekopp
2296,Andrew Goodney
2297,Aaron Cote
2298,Marco Papa
2299,Shahriar Shamsian
2300,William Halfond
2301,Tanya Ryutov
2302,William Cheng
2303,Marco Paolieri
2304,Clark Kromenaker
2305,Matthew Whiting
2306,Sanjay Madhav
2307,Victor Adamchik
2308,Jernej Barbic
2309,Andrew Nealen
2310,Luis Garcia
2311,Zachary Metcalf
2312,Ali Zahid
2313,Cauligi Raghavendra
2314,Viktor Prasanna
2315,Claire Bono
2316,Gandhi Puvvada
2317,Jiapeng Zhang
2318,Shahram Ghandeharizadeh
2319,Scott Easley
2320,Artjoms Kovalovs
2321,Clifford Neuman
2322,Mohammad Soleymani
2323,Xuezhe Ma
2324,Christopher Torng
2325,Keith Chugg
2326,Keith Jenkins
2327,Laurent Itti
2328,Jesse Thomason
2329,Yan Liu
2330,Sathyanaraya Raghavachary
2331,Ming-Deh Huang
2332,Parag Havaldar
2333,Barath Raghavan
2334,Kimberly Serrano
2335,Gale Lucas
2336,Mukund Raghothaman
2337,Heather Culbertson
2338,Shaddin Dughmi
2339,Maja Mataric
2340,Vatsal Sharan
2341,Weihang Wang
2342,Souti Chattopadhyay
2343,Cyrus Shahabi
2344,Wensheng Wu
2345,David Pynadath
2346,David Chan
2347,Anna Farzindar
2348,Ulf Hermjakob
2349,Jose-Luis Ambite
2350,Keith Burghardt
2351,Ning Wang
2352,Christian Mattmann
2353,Seon Kim
2354,Ke-Thia Yao
2355,Carl Kesselman
2356,Bruce Wilcox
2357,Allan Weber
2358,Susan Schober
2359,Shahin Nazarian
2360,Olaoluwa Adigun
2361,Brandon Franzke
2362,Mohammed Beshir
2363,Alan Willner
2364,Massoud Pedram
2365,Eduardo Pavez Carvelli
2366,Michelle Povinelli
2367,Bhaskar Krishnamachari
2368,Anupam Madhukar
2369,George Papavassilopoulos
2370,Paul Bogdan
2371,Ben Reichardt
2372,Stephen Cronin
2373,Petros Ioannou
2374,Young Cho
2375,Arash Saifhashemi
2376,Chongwu Zhou
2377,Michael Neely
2378,Peter Beerel
2379,Ashutosh Nayyar
2380,Andreas Polydoros
2381,Urbashi Mitra
2382,Mengjie Yu
2383,Jay Kuo
2384,Aluizio Prata
2385,Joshua Yang
2386,Akhilesh Jaiswal
2387,Sridhar Narayanan
2388,Moe Tabar
2389,Constantine Sideris
2390,Mihailo Jovanovic
2391,Todd Brun
2392,Tony Levi
2393,Krishna Nayak
2394,Justin Haldar
2395,Somil Bansal
2396,Quntao Zhuang
2397,Mercedeh Khajavikhan
2398,Eun Kim
2399,Shuo-Wei Chen
2400,Ajitesh Srivastava
2401,Daniel McCurry
2402,Constantinos Sioutas
2403,Jiachen Zhang
2404,Geraldine Knatz
2405,Kelly Sanders
2406,Amy Childress
2407,Sandeep Gupta
2408,Daniel Druhora
2409,Gisele Ragusa
2410,Candace Teixeira
2411,Alice Liu
2412,Denise McKenzie
2413,Elizabeth Fife
2414,John Carlsson
2415,Amir Gharehgozli
2416,Bhargav Oza
2417,Nitin Kale
2418,Stephen Lu
2419,Sze-Chuan Suen
2420,Randolph Hall
2421,Abigail Horn
2422,Suvrajeet Sen
2423,Sheldon Ross
2424,Maged Dessouky
2425,Ali Abbas
2426,Phebe Vayanos
2427,Yong Chen
2428,Qiang Huang
2429,Andres Gomez Escobar
2430,Meisam Razaviyayn
2431,Jong-Shi Pang
2432,Renyuan Xu
2433,Annabelle Lau
2434,Kimberly Rubal
2435,Zune Nguyen
2436,Calvin Nguyen
2437,Trina Gregory
2438,Rob Parke
2439,Kristof Aldenderfer
2440,Barrett Koster
2441,Maryam Majedi
2442,Grant Derderian
2443,Sean Straw
2444,Gregg Ibbotson
2445,Chander Burgos
2446,Gregory Pohlner
2447,Naz Nageer
2448,Chaz Hales
2449,Hannah Nguyen
2450,Stefan Mcgregor
2451,Mayan Escalante
2452,Boyuan Xu
2453,Howard Williamson
2454,Kendra Walther
2455,Erik Johnson
2456,Joseph Greenfield
2457,Benny Forer
2458,Richard Vawter
2459,Yu-Tsun Shao
2460,Priya Vashishta
2461,Jayakanth Ravichandran
2462,Ken-ichi Nomura
2463,Iraj Ershaghi
2464,Faruk Civan
2465,Davood Khairkhah
2466,Julie Albright
2467,Michael Sievers
2468,Phan Phan
2469,Ken Cureton
2470,Jairus Hihn
2471,Sherin Guirguis
2472,Caroline Clerc
2473,Paul Donald
2474,David Kelley
2475,Nery Lemus
2476,Ruby Osorio
2477,Karen Liebowitz
2478,Jackie Rines
2479,Thomas Mueller
2480,Amy Santoferraro
2481,Ashley Hagen
2482,Jud Fine
2483,Ray Barrett
2484,Peter Holzhauer
2485,Sam Alden
2486,Zoe van Dijk
2487,Julia Paull
2488,Helen Kim
2489,Patty Chang
2490,Biddy Tran
2491,Keith Mayerson
2492,Angie Wang
2493,Yaron Hakim
2494,Jean Robison
2495,Alvaro Marquez
2496,Sophia Stevenson
2497,Danielle Cansino
2498,Amelia Jones
2499,Antonio Bartolome
2500,Brian O'Connell
2501,Brian Olson
2502,Nao Bustamante
2503,Edgar Arceneaux
2504,Jennifer West
2505,Suzanne Lacy
2506,Mary Kelly
2507,Rotem Rozental
2508,Madison Moore
2509,Jenny Lin
2510,Melanie Nakaue
2511,Charla Elizabeth
2512,Lucy Cook
2513,China Adams
2514,Helene Reiner
2515,Osvaldo Trujillo
2516,Eric Junker
2517,Hector Torres
2518,Laurie Burruss
2519,Ginamahre Fulton
2520,Jason Ellenburg
2521,Alexis Zoto
2522,Bruno Lemgruber
2523,Eugene Ahn
2524,Peter Robbins
2525,Carlos Avila
2526,Ewa Wojciak
2527,April Greiman
2528,Marci Vogel
2529,Ka Lee Wong
2530,Christine Garnier
2531,Amy Ogata
2532,Vittoria Di Palma
2533,Camae Dennis
2534,Scott Spencer
2535,Ben Levine
2536,Erica Camisa Morale
2537,Enrique Martinez Celaya
2538,Zlatan Damnjanovic
2539,Corrine Collins
2540,Reuven Firestone
2541,Janet Hoskins
2542,Candice Levy
2543,Percival Everett
2544,Kristine Garroway
2545,Steven Gonzalez
2546,Brandon Bourgeois
2547,Matthew Keller
2548,Colleen McQuillen
2549,Devon Harlow
2550,Daniel Tiffany
2551,Claudia Moatti
2552,Andrew Stott
2553,Joshua Garroway
2554,Dana Johnson
2555,Cori Tucker-Price
2556,Adam Spanos
2557,Luisa Reis Castro
2558,Cody Brown
2559,Kalyani Jayasankar
2560,Daniela Levy
2561,Meredith Hall
2562,Oscar Pedraza Vargas
2563,Jessica Kanoski
2564,Najmedin Meshkati
2565,Emma Aguila Vega
2566,Isaac Blacksin
2567,Camille Dieterle
2568,Richard Watanabe
2569,Kate Crowley
2570,Brendesha Tynes
2571,Santina Contreras
2572,James Boedicker
2573,Reed Blaylock
2574,Min-Kyoung Rhee
2575,Michael Jakowec
2576,Tom Jordan
2577,Reena Joubert
2578,Gary Rosen
2579,Alexis Wellwood
2580,Ed Schneider
2581,Paul Nash
2582,Elizabeth Avent
2583,Julie Bates
2584,Carin Kreutzer
2585,Teal Eich
2586,Deborah Fui-Yuen Hoe
2587,John Walsh
2588,Duke Han
2589,Anna Quyen Nguyen
2590,Andrei Irimia
2591,Susan Enguidanos
2592,Mara Mather
2593,Valter Longo
2594,Caroline Cicero
2595,James Biggs
2596,Joshua Johnson
2597,Marc Vermulst
2598,Ryo Sanabria
2599,Berenice Benayoun
2600,Elizabeth Zelinski
2601,Mireille Jacobson
2602,Kate Wilber
2603,Julia Walsh
2604,Roberto Vicinanza
2605,Karlton Wong
2606,Sarah Dhillon
2607,Christian Pike
2608,Changhan Lee
2609,Birgit Schilling
2610,Eileen Crimmins
2611,Melissa Granados
2612,Paul Chander
2613,Madeline Goossen
2614,Lukas Huldi
2615,Peter Johnson
2616,Donald Scotten
2617,Neil Desai
2618,Jean Reisz
2619,Robert Rasmussen
2620,Zsofia Szojka
2621,Stephen Rich
2622,Felipe Jimenez
2623,Ben Meiselas
2624,Michael Chasalow
2625,Gregory Pleasants
2626,Daria Roithmayr
2627,Jeff Rodgers
2628,James Curtis
2629,Roxana Guidero
2630,Marcela Prieto Rudolphy
2631,Jody Armour
2632,Emily Ryo
2633,Mona Shah
2634,Clare Pastore
2635,Nicole Webster
2636,Dan Klerman
2637,Scott Altman
2638,Lee Epstein
2639,Rebecca Brown
2640,David Cruz
2641,John Miller
2642,Tammy Hong
2643,Lee Marshall
2644,Deborah Weiss
2645,Cristina Legaspi
2646,Robert Lu
2647,Brianna Howard
2648,Elizabeth Carroll
2649,John Heilman
2650,Ben Barnett
2651,Douglas Smith
2652,Christopher White
2653,Andrew Hoag
2654,William Enger
2655,Jason Liang
2656,Christopher Butler
2657,Michael Karagozian
2658,Brian Peck
2659,Preston Ascherin
2660,Sarah Gruzas
2661,Jordan Barry
2662,Sue Wright
2663,Rupa Goswami
2664,Michael Simkovic
2665,Robert Webster
2666,Erin Prouty
2667,Brian Hoffstadt
2668,Benny Osorio
2669,Peter Borenstein
2670,Abby Wood
2671,Daniel Guggenheim
2672,Lisa Klerman
2673,Bryan Smith
2674,Jibit Cinar
2675,Joseph Latham
2676,Adam Weissburg
2677,Ava Amini
2678,Andrew Kaufman
2679,Caroline Vranca
2680,Robin Craig
2681,Eileen Decker
2682,Luke Sisak
2683,Joe Anderson
2684,Mark Lee
2685,Jennifer Hernandez
2686,Mark Easton
2687,Richard Strulson
2688,Rami Yanni
2689,Rebecca Lonergan
2690,James Nikraftar
2691,Bill Chang
2692,Ankit Shah
2693,Angel Diaz
2694,Camille Gear Rich
2695,Ashley Rosenthal
2696,Adam Liptak
2697,Katherine Imp
2698,Paul Levine
2699,Daniel Tepstein
2700,Tom Lyon
2701,Lance Spiegel
2702,Sofia Gruskin
2703,Nicolai Schwarz-Gondek
2704,Christine Min
2705,Mehdi Sinaki
2706,Clara Martin
2707,Bob Hagle
2708,Michael Roster
2709,Chinwe Ohanele
2710,Brent Peterson
2711,Sean Galliher
2712,Ariela Gross
2713,Mugambi Jouet
2714,Kenneth Swenson
2715,Michael Jenkins
2716,Julie Werner-Simon
2717,Thomas Zaccaro
2718,Steve Bodmer
2719,Seth Stodder
2720,Roman Melnik
2721,Jeffrey Pearlman
2722,Cuauhtemoc Ortega
2723,Elisabeth Freinberg
2724,Yaphett Powell
2725,Elyn Saks
2726,Nomi Stolzenberg
2727,Greg Keating
2728,Richard Friedman
2729,Emio Zizza
2730,Niels Frenzen
2731,Oren Lund
2732,William Voxman
2733,Ronald Sarian
2734,Dorothy Lund
2735,Barbara Siegel
2736,Harvey Friedman
2737,Justin Hoyt
2738,Aya Ichida
2739,Roger Schroeder
2740,Nathan O' Malley
2741,Phyllis Pollack
2742,Carol Alexis Chen
2743,Gary Ross
2744,Mohan Nadig
2745,Jason Marsili
2746,David Lash
2747,Dwight Stirling
2748,Ross Kay
2749,Marc Brown
2750,Stephan Ray
2751,Henna Pithia
2752,Karinya Verghese
2753,Charles Donovan
2754,Deepika Sharma
2755,Heidi Rummel
2756,Robert Fairbank
2757,Nicholas Raichart
2758,Marilyn Mordetzky
2759,Erin Miller
2760,Brett Meyerhoff
2761,Anitha Cadambi
2762,Mike Brennan
2763,Jerry Gates
2764,Julie Nyquist
2765,Terry Church
2766,Addison Kemp
2767,Kristian Carlson
2768,Adam Huttenlocker
2769,Andrew Stolz
2770,Rayudu Gopalakrishna
2771,Ignacio Diaz
2772,Joshua Carr
2773,Jeffrey Darna
2774,Jennifer Hogan
2775,Teresa Norris
2776,Erica McCall
2777,Elizabeth Bamgbose
2778,Judd Rice
2779,Sita Reddy
2780,Josh Neman-Ebrahim
2781,Luciano Nocera
2782,Aaron Nagiel
2783,Ram Subramanyan
2784,Nadia Sellami
2785,Ricardo Cortez
2786,Francesca Mariani
2787,Nils Lindstrom
2788,Gage Crump
2789,Chun Nok Lam
2790,Rose Park
2791,Ashley Bennett
2792,Khandaker Islam
2793,Bruce Burkemper
2794,Heather Wipfli
2795,Leslie Clark
2796,Panayiota Courelli
2797,Megan Herting
2798,Steven Sussman
2799,Pari Mokhtari
2800,Ans Irfan
2801,Jenny Yu
2802,Claradina Soto
2803,Allyn Auslander
2804,Rita Burke
2805,Keigo Machida
2806,Yves Declerck
2807,Michele King
2808,W. Martin Kast
2809,Ite Offringa
2810,Joyce Perez
2811,Brian Lee
2812,Ralf Langen
2813,Jonathan Chou
2814,Kairos Llobrera
2815,Edgar Rivera Colon
2816,Kevin Nash
2817,David Diller
2818,Ron Ben-Ari
2819,Emily Rose
2820,Cheryl Lew
2821,Susie Kim
2822,Janak Chandrasoma
2823,Dennis Green
2824,Lakshmanan Sathyavagiswaran
2825,Ramen Chmait
2826,Michael Mulick
2827,Danica Liberman
2828,Mia Kanak
2829,Aninda Das
2830,Gitanjli Arora
2831,Maryam Farzanegan
2832,Noah Wald-Dickler
2833,Kusha Davar
2834,Mansour Rostami
2835,Benjamin La Brot
2836,Roger Clemens
2837,Kim Turner
2838,Navid Pour-Ghasemi
2839,Weiming Yuan
2840,Hayoun Lee
2841,Axel Schonthal
2842,Harvey Kaslow
2843,Yonggang Shi
2844,Michael Bienkowski
2845,Meredith Braskie
2846,Leon Aksman
2847,Lauren Salminen
2848,Jennifer Shubin
2849,Barbara Moore
2850,Michelle Llamas
2851,Steven Richeimer
2852,Michael Press
2853,Michelle Dexter
2854,Randa Hamden
2855,Anupreet Sidhu
2856,Lucia Florindez
2857,Patricia Escobedo
2858,Daniel Soto
2859,Andrea Weitz
2860,Sue Kim
2861,Almaas Shaikh
2862,Brandy Chappell
2863,Kirsten Eom
2864,Kimberly Siegmund
2865,Sandy Lopez Najera
2866,Ming Li
2867,Steven Gazal
2868,Paul Marjoram
2869,Lingyun Ji
2870,Myles Cockburn
2871,Ahmad Besaratinia
2872,Fei Chen
2873,Purva Jain
2874,Donald Barkauskas
2875,Dayoung Bae
2876,Albert Farias
2877,Wendy Mack
2878,Joyce Javier
2879,Nicholas Mancuso
2880,Taylor Burkholder
2881,Juan Pablo Lewinger
2882,Todd Alonzo
2883,Kelika Konda
2884,Robert Garcia
2885,Nicki Karimipour
2886,Olivier Pernet
2887,Matthew Zahn
2888,Roksana Karim
2889,Sharon Hudson
2890,Joseph Wiemels
2891,Thomas Valente
2892,Jennifer Tsui
2893,Unmesh Jadhav
2894,Adam de Smith
2895,Kimberly Miller
2896,Britni Belcher
2897,Michele Nicolo
2898,Shubha Kumar
2899,Brittnie Bloom
2900,Zhanghua Chen
2901,Mariam Davtyan
2902,Rachel Ceasar
2903,Jennifer Unger
2904,Amie Hwang
2905,Jane Steinberg
2906,Susanne Hempel
2907,Erika Garcia
2908,David Black
2909,Carrie Breton
2910,Chun Li
2911,Elizabeth Burner
2912,Raina Pang
2913,Claire Norman
2914,Jennifer Wegler
2915,Alberto Vallejo
2916,Janice Tramel
2917,Julie Barron
2918,David Craig
2919,Enrique Velazquez Villarreal
2920,Carol Lin
2921,Ron King
2922,Llewellyn Cox
2923,Kenneth Foster
2924,Angelica Cortez
2925,Michael Smith
2926,Charles Gutierrez
2927,Sean Holt
2928,Hunter Long
2929,Benjamin Taylor
2930,Brian Malouf
2931,Eric N. Pham
2932,Rick Schmunk
2933,Christian Amonson
2934,Douglas Petty
2935,Timo Preece
2936,Jae Deal
2937,Tram Sparks
2938,Nick Strimple
2939,Rotem Gilbert
2940,William Coppola
2941,Susan Helfter
2942,Christopher Sampson
2943,Candice Mattio
2944,Beatriz Ilari
2945,Cristian Grases
2946,Ashlin Hunter
2947,Mark Weiser
2948,Dan Caputo
2949,Juan-Pablo Contreras
2950,Daniel Allas
2951,Ryan McWilliams
2952,Sara Ballance
2953,Chris Roze
2954,Brian Head
2955,Nicolas Benavides
2956,Ted Hearne
2957,Neal Desby
2958,Donald Crockett
2959,Nina Young
2960,Frank Ticheli
2961,Larry Livingston
2962,Stevie Hirner
2963,Troy Quinn
2964,Sharon Lavery
2965,Jacob Vogel
2966,Sara Gazarek
2967,Collin Boothby
2968,Connor Scott
2969,Ali Hodges
2970,Ken Cazan
2971,Joel Timm
2972,Scott Tennant
2973,Nick Stoubis
2974,Seth Woods
2975,Lina Bahn
2976,Alan Smith
2977,Aaron Serfaty
2978,Bob Mintzer
2979,Jon Hatamiya
2980,Lisa Sylvester
2981,Daniel Lincoln
2982,Adam Gilbert
2983,Leah Morrison
2984,Andrew Justice
2985,Leon Garcia Corona
2986,Lisa Vest
2987,Jonathan Gomez
2988,Nathaniel Sloan
2989,Andrae Alexander
2990,Michael Garcia
2991,Loren Medina
2992,Jane Davidson
2993,Todd Brabec
2994,Andrew Leff
2995,Kevin Lyman
2996,Michael Kaminsky
2997,Jonathan Azu
2998,Cynthia Tucker
2999,Jeremy Gruber
3000,Richard Wolf
3001,Sophie Reeves
3002,Alex Nickson
3003,David Arnay
3004,Darek Oleszkiewicz
3005,Peter Erskine
3006,Alan Pasqua
3007,Vincent Mendoza
3008,Ron Mc Curdy
3009,Richard Smith
3010,Molly Miller
3011,Frank Potenza
3012,Stephen Pierce
3013,Ladd Thomas
3014,Sung-Hwa Park
3015,Bernadene Blaha
3016,Ian Pritchard
3017,Stewart Gordon
3018,Jeffrey Kahane
3019,Kevin Fitz-Gerald
3020,Patrice Rushen
3021,Paul Jackson Jr.
3022,Timothy Kobza
3023,Jeffrey Allen
3024,Michael Arrom
3025,Adriana Balic
3026,Ginny Luke
3027,Steve Trovato
3028,Joann Turovsky
3029,Lynn Helding
3030,Lyndia Johnson
3031,Brent McMunn
3032,Karen Parks
3033,Jeremy Frank
3034,Shawn Mouser
3035,Catherine Karoly
3036,Julie Landsman
3037,Joseph Pereira
3038,Jessica Maxfield
3039,Terry Cravens
3040,James Self
3041,Yehuda Gilad
3042,Jennifer Marotta
3043,Sean Nye
3044,Haleigh Bowers
3045,David Poe
3046,Joanna Demers
3047,William Kanengiser
3048,Tim Greiving
3049,Jeanine Cowen
3050,Garry Schyman
3051,Robert Young
3052,Pete Anthony
3053,Patrick Kirst
3054,Jon Burlingame
3055,Allegra De souza
3056,Michelle Zappas
3057,Janett Hildebrand
3058,Jennifer Tran
3059,Cynthia Sanchez
3060,Beth Haney
3061,Diego Lopez
3062,Kathryn Havens
3063,Carly Roberts
3064,Kimberly Morris
3065,Deborah Pitts
3066,Jane Baumgarten
3067,Tessa Milman
3068,Elena Meng
3069,Guy Reavis
3070,Samia Rafeedie
3071,Lisa Aziz-Zadeh
3072,Jesus Diaz
3073,Lawrence Stevenson
3074,Emily Sopkin
3075,Julia Lisle
3076,Ashley Halle
3077,Pam Roberts
3078,Arameh Anvarizadeh
3079,Jamie Wilcox
3080,Emily Ochi
3081,Rebecca Aldrich
3082,Karrie Kingsley
3083,Linsey Grunes
3084,Mona Chung
3085,Marilyn Thompson
3086,Janet Gunter
3087,Celso Delgado Jr
3088,Jenna Kobara
3089,Joan Surfus
3090,Colin Lenington
3091,Marissa Marchioni
3092,Lisa Deshaies
3093,Miri Lee
3094,Allison Chu
3095,Bari Turetzky
3096,Sook-Lei Liew
3097,Julie McLaughlin Gray
3098,Yiyang Fang
3099,Sharon Cermak
3100,Stacey Schepens Niemiec
3101,Roberta Pineda
3102,Michael Mcnulty
3103,Susan Bowles
3104,Amber Angell
3105,Shawn Roll
3106,Sarah Bream
3107,Miranda Donnelly
3108,Rebecca Cunningham
3109,Chantelle Rice
3110,Lindsey Shomer
3111,Nora Dixon
3112,Kimberly Lenington
3113,Janis Yue
3114,Tracy Jalaba
3115,Ken Wong
3116,John Stofko
3117,Daryl Davies
3118,Nancy Pire-Smerkanich
3119,Tien Ng
3120,Stan Louie
3121,Daniel Tomaszewski
3122,Cody Arbuckle
3123,Roger Duncan
3124,Eunjoo Pacifici
3125,Martine Culty
3126,Frances Richmond
3127,Clay Wang
3128,Angel P Tabancay Jr
3129,Brian Ma
3130,Richard Dang
3131,Allison Chacon
3132,Lisa Goldstone
3133,Rebecca Romero
3134,Scott Mosley
3135,Maryann Wu
3136,Kari Franson
3137,Michelle Chu
3138,Houda Alachkar
3139,Patrick Tabon
3140,Edith Mirzaian
3141,Cynthia Lieu
3142,Katerina Urasova
3143,Rory Kim
3144,Carla Blieden
3145,Raffi Svadjian
3146,Kevin Forrester
3147,Tatyana Gurvich
3148,Charles Stark
3149,Vinson Lee
3150,Ying Wang
3151,Maddalena Ferranna
3152,Yuna Bae-Shaaw
3153,Darius Lakdawalla
3154,Seth Seabury
3155,John Romley
3156,Yong Zhang
3157,Noam Morningstar-Kywi
3158,Curtis Okamoto
3159,Meredith Smith
3160,Hovhannes Gukasyan
3161,E. Todd Schroeder
3162,Nina Bradley
3163,Jim Gordon
3164,Russell Johnson
3165,Susan Sigward
3166,Barbara Sargent
3167,Noriko Yamaguchi
3168,Claire Nguyen
3169,Samuel Franklin
3170,Julie Hershberg
3171,Kornelia Kulig
3172,Julie Tilson
3173,Jennifer Penn
3174,Oscar Gallardo
3175,Patrick Huang
3176,Eric Robertson
3177,Kristan Leech
3178,Carly Lochala
3179,Pamela Mikkelsen
3180,Beth Fisher
3181,Didi Matthews
3182,Elizabeth Ruckert
3183,Rob Landel
3184,Danielle Long
3185,Jessica Rancour
3186,Valerie Teglia
3187,Michael Andersen
3188,Kelsie Kaiser
3189,Ginelle Amormino
3190,Amy Pomrantz
3191,Mark Burley
3192,Lisa Ozaeta
3193,Paul Ginsburg
3194,Michael Harris
3195,Stanley Augustine
3196,Gary Blackard
3197,Joann Marquez
3198,Lars Harding
3199,David Monk
3200,John K Ugoretz
3201,Paul Prioleau
3202,Jack Tribolet
3203,Samuel Galli
3204,Andrew Bates
3205,Gilbert Juarez
3206,William Resh
3207,Dowell Myers
3208,Genevieve Giuliano
3209,Elizabeth Currid-Halkett
3210,Lauren Opgenorth
3211,Mark Phillips
3212,Julie Zissimopoulos
3213,Frank Zerunyan
3214,Howard Greenwald
3215,Genevieve Kanter
3216,Glenn Melnick
3217,Michael Thom
3218,Zissis Marmarelis
3219,Alexandra Graddy-Reed
3220,Annette Kim
3221,David Sloane
3222,Deborah Natoli
3223,Baqhar Syed
3224,Rym Kaki
3225,Lavonna Lewis
3226,Justine Johnson
3227,Pedro Spindler-Ruiz
3228,Todd Gish
3229,Donald Spivack
3230,Beth Zollars
3231,Nicolas Duquette
3232,Samantha Malisos
3233,Wandi Bruine de Bruin
3234,Ke Ye
3235,Antonio Bento
3236,Joshua Russell-Fritch
3237,Ali Nowroozi
3238,Cheng-Yi Lin
3239,Gentian Droboniku
3240,John Calanni
3241,Samuel King
3242,Norris Gunby
3243,Sean Johnson
3244,Michael Low
3245,Jevay Grooms
3246,Rosalie Pacula
3247,Philip Dalton
3248,Michael Nichol
3249,Marlon Boarnet
3250,Elizabeth Falletta
3251,Nicole Kuklok-Waldman
3252,Kelly Rawlings
3253,Bill Kelly
3254,Mark Alvarado
3255,Sohaela Amiri
3256,William Leach
3257,Valerie Savior
3258,Thomas Eng
3259,Dominic Alletto
3260,Paul Danczyk
3261,Donald Morgan
3262,Peter Robertson
3263,Nicole Esparza
3264,Lois Takahashi
3265,Tara Blanc
3266,Dora Kingsley Vertenten
3267,Grace Nadel
3268,Jeffery Jenkins
3269,Gayla Kraetsch-Hartsough
3270,Mindy Romero
3271,Matthew Wheeler
3272,Jeffrey Smith
3273,T.J. Mccarthy
3274,Juliet Musso
3275,Grace Bahng
3276,Vikram Jadhav
3277,Geoff Boeing
3278,Elizabeth Graddy
3279,Denny Hooten
3280,Victor Pena
3281,Woodie Tescher
3282,Ben Feingold
3283,Kevin Wronske
3284,Emily Finkel
3285,Deepak Bahl
3286,Lia Soorenian
3287,Ryan Kucinski
3288,Bonnie Shrewsbury
3289,Carl Alameda
3290,Laura Wittcoff
3291,Eric Alegria
3292,Christine Beckman
3293,Ellen Rudy
3294,David Wolvek
3295,Trent Lim
3296,Elizabeth Crosson
3297,Rachel Reed
3298,John Drake
3299,Alisa Orduna
3300,Jonathan Schweig
3301,Michael Orosz
3302,Claire Peeps
3303,Lorri Grubaugh
3304,Sherry Okun-Rudnak
3305,Clifford Graves
3306,Allen Prohofsky
3307,Andrzej Rutkowski
3308,Michael Woo
3309,Jason Neville
3310,Mark Zikakis
3311,Sonia Savoulian
3312,Garland Fuller
3313,Julia Toothacre
3314,Silvia Saucedo
3315,Mary Lynne Boorn
3316,Moussa Diop
3317,Aleks Baharlo
3318,Bret Nielsen
3319,Cara Mullio
3320,Naomi Neville
3321,Zerik Scales
3322,Matthew Stewart
3323,Nate Munson
3324,Spencer Couts
3325,Joel Bryant
3326,Terri Dickerhoff
3327,Ehud Mouchly
3328,Christian Redfearn
3329,Iain Gulin
3330,Ronald Nestor
3331,Douglas Pearl
3332,Mott Smith
3333,Van Scott
3334,Christopher Payne
3335,Jeffrey Kreshek
3336,B.K. Elizabeth Kim
3337,Raymundo Zacarias
3338,Alison Greene
3339,Michal Sela-Amit
3340,Iris Gonzalez
3341,Dorothy Nieto manzer
3342,Rosamaria Alamo
3343,Samuel Mistrano
3344,Stephen Gratwick
3345,Evangelina Reina
3346,John Clapp
3347,Shinyi Wu
3348,Carl Castro
3349,Jenebah Lewis
3350,Steve Hydon
3351,Vivien Villaverde
3352,Aimee Odette
3353,John Blosnich
3354,Benjamin Henwood
3355,Jordan Davis
3356,Jungeun Olivia Lee
3357,Umeka Franklin
3358,Juan Araque
3359,Lindsay Krygier
3360,Mara Ziegler
3361,Dorian Traube
3362,Dawn Joosten-Hagye
3363,Concepcion Barrio
3364,Laura Gale
3365,Lavit Maas
3366,Brittaney Dennis
3367,Dan Field
3368,Sam Tsemberis
3369,Lily Ross
3370,Melissa Essman
3371,Carlos Moran
3372,Jessenia De Leon
3373,Peggy Stewart
3374,Samih Samaha
3375,Rafael Angulo
3376,Lisa Kabot
3377,Kim Goodman
3378,Holly Sotelo
3379,Christina Paddock
3380,Debra Waters-Roman
3381,Margarita Artavia
3382,Karen Tinsley
3383,Eric Rice
3384,Suzanne Wenzel
3385,Yi-Hsuan Tung
3386,Laura Petry
3387,Tessa Waterbury Wallace
3388,Tyan Parker Dominguez
3389,David Bringhurst
3390,Estela Andujo
3391,Rocio Terry
3392,Jane James
3393,Trang Hoang
3394,Sara Schwartz
3395,Devon Brooks
3396,Jose Reyes Hurtado
3397,Jennifer Parga
3398,Jill Davis
3399,Azure Darby
3400,Cynthia Rollo-Carlson
3401,Ann Marie Yamada
3402,Marco Formigoni
3403,Tosha Sweet
3404,Meggan Thompson
3405,Scott Darrell
3406,Michael Rank
3407,Annalisa Enrile
3408,Melissa Martin-Mollard
3409,Hans Oh
3410,Karra Bikson
3411,Heidi Schnell-Cisneros
3412,Elizabeth Swart
3413,Louis Heit
3414,Rebecca Rasmussen
3415,Cherie Hudson
3416,Jacquelyn Williams Brooks
3417,Susan Hess
3418,Sofia Martinez
3419,Harry Hunter
3420,Loc Nguyen
3421,Cassandra Fatouros
3422,Renee Smith-Maddox
3423,Richard Newmyer
3424,Melissa Singh
